capability_id	display_name	scenario	legacy_result	source_file	source_sha256	maturity	evidence_state	confidence	tested_revision	run_date	mode	actual_seed_verified	fixture	note
diamond_stack_64	Mine a full stack of diamonds from scratch	diamond_stack_64_from_zero	—	-	-	BLOCKED	MISSING	NONE	unknown	unknown	deterministic	no	natural terrain, empty inventory, 64 diamonds, zero deaths, strict_survival	Mining First final commitment; controlled only verifies the count contract, prepared is only for long-run diagnostics; no pinnable from_zero evidence yet
obsidian_half_stack_32	Obtain half a stack of obsidian from scratch	obsidian_half_stack_32_from_zero	—	-	-	BLOCKED	MISSING	NONE	unknown	unknown	deterministic	no	natural terrain, empty inventory, self-acquired diamond pickaxe and bucket, 32 obsidian, zero deaths, strict_survival	Mining First final commitment; must use real water placement and vanilla fluid reactions; no pinnable from_zero evidence yet
wood_from_zero	Natural wood gathering	real_wood	4/4 (100%; 4 seeds; FAIL 0, ERR 0)	reports/reliability_woodreg.tsv	ca91365a9a0db0e130e510a38551ad47d296c87f9e2aedf790e3cb2f3e7ab643	DEMONSTRATED	UNVERIFIED	LOW	unknown	2026-06-24	legacy_unspecified	no	natural terrain, empty inventory, daytime, surface-level, zero deaths	Fixed small batch all green, but the report is not bound to code and configuration
food_from_zero	Obtain cooked food	real_food	8/10 (80%; 10 seeds; FAIL 2, ERR 0)	reports/reliability_food_r1.tsv	012664641aa3ce7df0022b364d518d88936d54cb3b07e0645416d7d99ab1b1cc	ALPHA	UNVERIFIED	LOW	unknown	2026-06-18	legacy_unspecified	no	natural terrain, empty inventory, daytime, surface-level, four cooked food items, zero deaths	Better-than-average batch 8/10, not representative of current HEAD; failure phase other=2
wheat_to_bread	Grow wheat and bake bread	real_wheat	1/5 (20%; 5 seeds; FAIL 4, ERR 0)	reports/reliability_wheatdrown.tsv	703317dba50a2c0fb51c6bf0142d9c7eccea9e74c8aa2060d7a8174055eb67a1	UNSTABLE	UNVERIFIED	LOW	unknown	2026-06-24	legacy_unspecified	no	natural terrain, empty inventory, randomTickSpeed=40, two bread, zero deaths	Growth time was accelerated, yet still only a small number of successes; failure phase other=3, wood_gather=1
iron_bulk_100	Bulk iron ore (hundreds)	real_iron_bulk	2/12 (17%; 6 seeds; FAIL 6, ERR 4)	reports/reliability_ironbulk4.tsv	dac2e0cc55a001739ae3f102d3efdd70f8e1095874a81152a40c4db8765af27a	UNSTABLE	UNVERIFIED	LOW	unknown	2026-07-03	legacy_unspecified	no	pre-equipped with five iron pickaxes, deep-mining gear, and 64 torches, target 100 raw iron	Isolated long-run mining; ERR counted in the total denominator; failure phase other=6, server_err=4
diamond_from_zero	Mine diamond from scratch	real_diamond	6/10 (60%; 10 seeds; FAIL 4, ERR 0)	reports/reliability_diamond_survivalfix.tsv	e0d273adee2a350f288c7264889b973e8ef0d9982c6d92dad7e92dbced86b3cc	EXPERIMENTAL	UNVERIFIED	LOW	unknown	2026-07-06	legacy_unspecified	no	natural terrain, empty inventory, daytime, surface-level, one diamond, zero deaths	Full deep-tier tool chain, has not yet met the release threshold; failure phase other=2, timeout=1, wood_gather=1
iron_armor_from_zero	Iron armor and sword from scratch	real_armor	10/12 (83%; 6 seeds; FAIL 2, ERR 0)	reports/reliability_armor_smeltcraft.tsv	f9711ba6d136feb53078e0dd9282ac39f6ee76444b46c86e6bf6399e5ff9cc90	ALPHA	UNVERIFIED	LOW	unknown	2026-07-05	legacy_unspecified	no	natural terrain, empty inventory, full iron armor set plus iron sword, zero deaths	One of the strongest long chains in the current local reports; failure phase timeout=2
small_hut_core	Build a hut on real terrain	real_build	7/10 (70%; 10 seeds; FAIL 3, ERR 0)	reports/reliability_buildstress.tsv	db39068a172ca51a8b7fdc568ed32e19b1a6be41cef6d5ac62d321241be0f9ab	ALPHA	UNVERIFIED	LOW	unknown	2026-06-24	legacy_unspecified	no	pre-equipped with multiple wood-type planks and ground-leveling materials, tests only site selection, ground leveling, and completion	Assertion is at least 80 planks nearby, does not represent structural completeness; failure phase other=3
navigate_120	Long-distance navigation	real_nav_far	0/4 (0%; 4 seeds; FAIL 4, ERR 0)	reports/reliability_navfar.tsv	8df7cb30fd8205608d78a91fa44bf943e23bd946a8439b0adc44889e7ce2230a	BLOCKED	UNVERIFIED	LOW	unknown	2026-06-24	legacy_unspecified	no	natural terrain, long-distance movement	Sample size is very small, but the current pinned batch is all-red (all failing); failure phase aborted=2, other=1, timeout=1
combat_multiseed	Combined combat	combat	—	-	-	UNKNOWN	MISSING	NONE	unknown	unknown	legacy_unspecified	no	no explicitly pinned multi-seed combat report yet	A deterministic combat scenario and combat implementation exist, but there is no comparable real baseline
